{
    "1111": {
        "item_id": 1111,
        "item_name": "铁剑",
        "item_type": 1,
        "price": 150,
        "total_price": 250,
        "des1": "<p>+20物理攻击</p>"
    },
    "1112": {
        "item_id": 1112,
        "item_name": "匕首",
        "item_type": 1,
        "price": 174,
        "total_price": 290,
        "des1": "<p>+10%攻击速度 </p>"
    },
    "1113": {
        "item_id": 1113,
        "item_name": "搏击拳套",
        "item_type": 1,
        "price": 192,
        "total_price": 320,
        "des1": "<p>+8%暴击率 </p>"
    },
    "1114": {
        "item_id": 1114,
        "item_name": "吸血之镰",
        "item_type": 1,
        "price": 174,
        "total_price": 290,
        "des1": "<p>+8%物理吸血</p>"
    },
    "1116": {
        "item_id": 1116,
        "item_name": "雷鸣刃",
        "item_type": 1,
        "price": 270,
        "total_price": 450,
        "des1": "<p>+40物理攻击</p>"
    },
    "1117": {
        "item_id": 1117,
        "item_name": "冲能拳套",
        "item_type": 1,
        "price": 330,
        "total_price": 550,
        "des1": "<p>+15%暴击率</p> "
    },
    "1121": {
        "item_id": 1121,
        "item_name": "风暴巨剑",
        "item_type": 1,
        "price": 546,
        "total_price": 910,
        "des1": "<p>+80物理攻击</p> "
    },
    "1122": {
        "item_id": 1122,
        "item_name": "日冕",
        "item_type": 1,
        "price": 444,
        "total_price": 740,
        "des1": "<p>+20物理攻击<br>+10%冷却缩减<br>+300最大生命</p>",
        "des2": "<p>唯一被动-残废：技能对首个命中的敌方英雄造成10%减速，持续3秒，该效果有8秒冷却时间</p>"
    },
    "1123": {
        "item_id": 1123,
        "item_name": "狂暴双刃",
        "item_type": 1,
        "price": 534,
        "total_price": 890,
        "des1": "<p>+15%攻击速度<br>+10%暴击率<br>+5%移速</p>"
    },
    "1124": {
        "item_id": 1124,
        "item_name": "陨星",
        "item_type": 1,
        "price": 558,
        "total_price": 930,
        "des1": "<p>+55物理攻击</p>",
        "des2": "<p>唯一被动-切割：+60物理穿透</p>"
    },
    "1131": {
        "item_id": 1131,
        "item_name": "碎星锤",
        "item_type": 1,
        "price": 1260,
        "total_price": 2100,
        "des1": "<p>+80物理攻击<br>+10%冷却缩减</p>",
        "des2": "<p>唯一被动-破甲：+40%物理穿透</p>"
    },
    "1126": {
        "item_id": 1126,
        "item_name": "末世",
        "item_type": 1,
        "price": 1296,
        "total_price": 2160,
        "des1": "<p>+60物理攻击<br>+30%攻击速度 <br>+10%物理吸血</p>",
        "des2": "<p>唯一被动-破败：普通攻击附带敌人当前生命值8%的物理伤害（对野怪最多：80）</p>"
    },
    "1127": {
        "item_id": 1127,
        "item_name": "名刀·司命",
        "item_type": 1,
        "price": 1056,
        "total_price": 1900,
        "des1": "<p>+60物理攻击<br>+5%冷却缩减</p>",
        "des2": "<p>唯一被动-暗幕：受到致命伤害时，进入短暂无敌状态并增加30%移动速度，持续1秒（远程英雄使用时用时持续时间缩短为0.5秒）冷却时间：120秒</p>"
    },
    "1128": {
        "item_id": 1128,
        "item_name": "寒霜袭侵",
        "item_type": 1,
        "price": 1230,
        "total_price": 2050,
        "des1": "<p>+600最大生命<br>+30%攻击速度</p>",
        "des2": "<p>被动-寒霜：普攻减少3%移速，持续2秒，可叠加5层。叠满后，对目标的普攻法球会额外造成25%伤害，持续5秒，该效果有10秒冷却时间。<br>被动-精准：普攻额外造成60(+5*英雄等级)物理伤害。</p>"
    },
    "1129": {
        "item_id": 1129,
        "item_name": "速击之枪",
        "item_type": 1,
        "price": 528,
        "total_price": 880,
        "des1": "<p>+20%攻击速度</p>",
        "des2": "<p>唯一被动-精准：普通攻击伤害提升40点，远程英雄使用时该效果翻倍。</p>"
    },
    "11210": {
        "item_id": 11210,
        "item_name": "制裁之刃",
        "item_type": 1,
        "price": 1116,
        "total_price": 1860,
        "des1": "<p>+100物理攻击<br>+15%物理吸血<br>+15%攻击速度</p>",
        "des2": "<p>被动-回魂：自身生命低于30%时，5秒内累计回复400~610点生命，该效果有20秒的冷却时间<br>被动-重伤：普攻/技能命中敌人后降低其35%生命回复和吸血效果，持续3秒</p>"
    },
    "1132": {
        "item_id": 1132,
        "item_name": "泣血之刃",
        "item_type": 1,
        "price": 1080,
        "total_price": 1800,
        "des1": "<p>+100物理攻击<br>+25%物理吸血<br>+500 最大生命 </p>",
        "des2": "<p>被动-回魂：自身生命低于30%时，5秒内累计回复400~610点生命，该效果有20秒的冷却时间</p>"
    },
    "1133": {
        "item_id": 1133,
        "item_name": "无尽战刃",
        "item_type": 1,
        "price": 1284,
        "total_price": 2140,
        "des1": "<p>+110物理攻击<br>+20%暴击率</p>",
        "des2": "<p>被动-无尽：获得20%暴击效果，每2%暴击增加1%暴击效果，最多不超过50%</p>"
    },
    "1134": {
        "item_id": 1134,
        "item_name": "宗师之力",
        "item_type": 1,
        "price": 1260,
        "total_price": 2100,
        "des1": "<p>+80物理攻击<br>+20%暴击率<br>+500 最大法力<br>+500最大生命</p>",
        "des2": "<p>唯一被动-强击：使用技能后，2秒内提升自身12%移动速度，并使得下次普通攻击造成额外0.8*物理攻击的物理伤害，冷却时间：3秒</p>"
    },
    "1135": {
        "item_id": 1135,
        "item_name": "闪电匕首",
        "item_type": 1,
        "price": 1104,
        "total_price": 1840,
        "des1": "<p>+35%攻击速度<br>+8%移速</p>",
        "des2": "<p>唯一被动-电弧：普攻额外造成40(+3*英雄等级)法术伤害，每3次普攻会释放一次连锁闪电，造成140(+20*英雄等级)法术伤害</p>"
    },
    "1136": {
        "item_id": 1136,
        "item_name": "影刃",
        "item_type": 1,
        "price": 1242,
        "total_price": 2070,
        "des1": "<p>+35%攻击速度<br>+25%暴击率<br>+5%移速</p>",
        "des2": "<p>被动-暴风：普攻伤害提升40点，暴击后增加20%攻速和5%移速，持续3秒</p>"
    },
    "1137": {
        "item_id": 1137,
        "item_name": "暗影战斧",
        "item_type": 1,
        "price": 1254,
        "total_price": 2090,
        "des1": "<p>+85物理攻击<br>+15%冷却缩减<br>+500最大生命</p>",
        "des2": "<p>唯一被动-切割：增加(50+英雄等级*8)点护甲穿透<br>唯一被动-残废：技能对首个命中的敌方英雄造成10%减速，持续3秒，该效果有8秒冷却时间</p>"
    },
    "1138": {
        "item_id": 1138,
        "item_name": "破军",
        "item_type": 1,
        "price": 1770,
        "total_price": 2950,
        "des1": "<p>+180物理攻击 </p>",
        "des2": "<p>唯一被动-破军：对生命值低于50%的敌人造成额外30%的伤害</p>"
    },
    "11311": {
        "item_id": 11311,
        "item_name": "纯净苍穹",
        "item_type": 1,
        "price": 1338,
        "total_price": 2121,
        "des1": "<p>+100物理攻击<br>+10%冷却缩减<br>+500最大生命</p>",
        "des2": "<p>唯一主动-驱散：90秒CD，受到的所有伤害降低35%，持续3秒，可以在被控制时使用<br>被动-残废：技能对首个命中的敌方英雄造成30%减速，并使其对自己的伤害降低20%，持续3秒，该效果有8秒冷却时间</p>"
    },
    "1141": {
        "item_id": 1141,
        "item_name": "逐日之弓",
        "item_type": 1,
        "price": 1230,
        "total_price": 2050,
        "des1": "<p>+25%攻击速度<br>+10%暴击<br>+5%移速</p>",
        "des2": "<p>唯一被动-精准：普通攻击伤害提升40点，远程英雄使用时该效果翻倍。<br>唯一主动-逐日：增加自己150点普攻射程和20%移动速度，持续5秒，冷却时间：60秒（增加射程效果仅远程英雄生效）</p>"
    },
    "1125": {
        "item_id": 1125,
        "item_name": "破魔刀",
        "item_type": 1,
        "price": 1254,
        "total_price": 2090,
        "des1": "<p>+90物理攻击<br>+100法术防御<br>+500最大生命</p>",
        "des2": "<p>唯一被动-破魔：获得额外的法术防御，数值等于你的物理攻击*0.6且最多增加300点。</p>"
    },
    "1154": {
        "item_id": 1154,
        "item_name": "穿云弓",
        "item_type": 1,
        "price": 660,
        "total_price": 1100,
        "des1": "<p>+40物理攻击<br>+10%攻击速度</p>",
        "des2": "<p>唯一被动-破甲：+10%物理穿透（远程英雄使用时效果翻倍）</p>"
    },
    "1155": {
        "item_id": 1155,
        "item_name": "破晓",
        "item_type": 1,
        "price": 2040,
        "total_price": 3400,
        "des1": "<p>+50物理攻击<br>+35%攻击速度<br>+10%暴击率</p>",
        "des2": "<p>唯一被动-破甲：+20%物理穿透（远程英雄使用时效果翻倍）<br>唯一被动：普通攻击伤害提升50点（远程英雄使用时效果翻倍）</p>"
    },
    "1211": {
        "item_id": 1211,
        "item_name": "咒术典籍",
        "item_type": 2,
        "price": 180,
        "total_price": 300,
        "des1": "<p>+40法术攻击</p> "
    },
    "1212": {
        "item_id": 1212,
        "item_name": "蓝宝石",
        "item_type": 2,
        "price": 132,
        "total_price": 220,
        "des1": "<p>+300最大法力</p>"
    },
    "1213": {
        "item_id": 1213,
        "item_name": "炼金护符",
        "item_type": 2,
        "price": 72,
        "total_price": 120,
        "des1": "<p>+10 每5秒回蓝</p> "
    },
    "1214": {
        "item_id": 1214,
        "item_name": "圣者法典",
        "item_type": 2,
        "price": 240,
        "total_price": 400,
        "des1": "<p>+30法术攻击<br>+4%冷却缩减</p>"
    },
    "1216": {
        "item_id": 1216,
        "item_name": "元素杖",
        "item_type": 2,
        "price": 324,
        "total_price": 540,
        "des1": "<p>+80法术攻击</p> "
    },
    "1221": {
        "item_id": 1221,
        "item_name": "大棒",
        "item_type": 2,
        "price": 492,
        "total_price": 820,
        "des1": "<p>+120法术攻击</p>"
    },
    "1229": {
        "item_id": 1229,
        "item_name": "破碎圣杯",
        "item_type": 2,
        "price": 540,
        "total_price": 900,
        "des1": "<p>+60法术攻击<br>+8%冷却缩减<br>+20 每5秒回蓝</p>"
    },
    "1223": {
        "item_id": 1223,
        "item_name": "光辉之剑",
        "item_type": 2,
        "price": 438,
        "total_price": 730,
        "des1": "<p>+400最大生命<br>+400最大法力</p> ",
        "des2": "<p>唯一被动-强击：使用技能后，5秒内的下一次普通攻击附加50%物理攻击（+30%法术加成）的法术伤害，这个效果有3秒的冷却时间</p>"
    },
    "1225": {
        "item_id": 1225,
        "item_name": "进化水晶",
        "item_type": 2,
        "price": 432,
        "total_price": 720,
        "des1": "<p>+400最大法力<br>+400最大生命</p>",
        "des2": "<p>唯一被动-英勇奖赏：升级后在3秒内回复20%生命与法力值</p>"
    },
    "1222": {
        "item_id": 1222,
        "item_name": "血族之书",
        "item_type": 2,
        "price": 744,
        "total_price": 1240,
        "des1": "<p>+75法术攻击<br>+10%冷却缩减</p>",
        "des2": "<p>唯一被动-嗜血：增加20%法术吸血</p>"
    },
    "1227": {
        "item_id": 1227,
        "item_name": "炽热支配者",
        "item_type": 2,
        "price": 1170,
        "total_price": 1950,
        "des1": "<p>+200法术攻击<br>+600最大法力<br>+15 每5秒回蓝</p>",
        "des2": "<p>唯一被动-法力护盾：血量低于30%时立即解除自身控制，同时获得一个吸收（500+1.5*法术攻击）伤害的护盾，护盾持续期间提升30%移动速度，持续4秒，冷却时间：90秒</p>"
    },
    "12211": {
        "item_id": 12211,
        "item_name": "梦魇之牙",
        "item_type": 2,
        "price": 1230,
        "total_price": 2050,
        "des1": "<p>+240法术攻击<br>+5%移速<br>+10%冷却缩减</p>",
        "des2": "<p>被动-重伤：普攻/技能命中敌人后降低其35%生命回复和吸血效果，持续3秒</p>"
    },
    "1231": {
        "item_id": 1231,
        "item_name": "虚无法杖",
        "item_type": 2,
        "price": 1266,
        "total_price": 2110,
        "des1": "<p>+240法术攻击<br>+500最大生命值</p>",
        "des2": "<p>唯一被动：+45%法术穿透</p>"
    },
    "1232": {
        "item_id": 1232,
        "item_name": "博学者之怒",
        "item_type": 2,
        "price": 1380,
        "total_price": 2300,
        "des1": "<p>+240法术攻击</p>",
        "des2": "<p>唯一被动-毁灭：法术攻击提升30%</p>"
    },
    "1239": {
        "item_id": 1239,
        "item_name": "辉月",
        "item_type": 2,
        "price": 1194,
        "total_price": 1990,
        "des1": "<p>+160法术攻击<br>+10%冷却缩减</p>",
        "des2": "<p>唯一主动-月之守护：90秒CD，免疫所有效果，不能移动、攻击和使用技能，持续1.5秒</p>"
    },
    "1233": {
        "item_id": 1233,
        "item_name": "回响之杖",
        "item_type": 2,
        "price": 1260,
        "total_price": 2100,
        "des1": "<p>+240法术攻击 <br>+7%移速 </p>",
        "des2": "<p>唯一被动-回响：技能命中会触发小范围爆炸造成120（+40%法术加成）法术伤害，这个效果有5秒CD。</p>"
    },
    "1234": {
        "item_id": 1234,
        "item_name": "凝冰之息",
        "item_type": 2,
        "price": 1260,
        "total_price": 2100,
        "des1": "+160法术攻击<br>+5%冷却缩减<br>+600最大生命</p>",
        "des2": "被动-凝冰：英雄技能造成伤害会附带20%的减速效果，持续2秒<br>被动-冻伤：技能对移速受损(低于人物初始移速)的目标额外造成120~400法术伤害，该效果有5秒冷却时间</p>"
    },
    "1235": {
        "item_id": 1235,
        "item_name": "痛苦面具",
        "item_type": 2,
        "price": 1224,
        "total_price": 2040,
        "des1": "<p>+120法术攻击<br>+5%冷却缩减<br>+800最大生命</p>",
        "des2": "<p>被动-折磨： 目标在3秒内受到4次3%当前生命的法术伤害，对野怪每次最多造成200点伤害，冷却时间：2秒<br>(注：即每0.75秒受到一次伤害)"
    },
    "1236": {
        "item_id": 1236,
        "item_name": "巫术法杖",
        "item_type": 2,
        "price": 1272,
        "total_price": 2120,
        "des1": "<p>+180法术攻击<br>+500最大生命<br>+500最大法力<br>+8%移速</p>",
        "des2": "<p>唯一被动-强击：使用技能后，5秒内下一次普通攻击附加30%物理攻击（+70%法术加成）的法术伤害，这个效果有3秒冷却时间</p>"
    },
    "1226": {
        "item_id": 1226,
        "item_name": "圣杯",
        "item_type": 2,
        "price": 1080,
        "total_price": 1900,
        "des1": "<p>+180法术攻击<br>+15%冷却缩减<br>+500生命值</p>",
        "des2": "<p>唯一被动-法力源泉：每秒回复1.5%法力值，如果法力值已满，每秒回复1%生命值</p>"
    },
    "1237": {
        "item_id": 1237,
        "item_name": "时之预言",
        "item_type": 2,
        "price": 1254,
        "total_price": 2150,
        "des1": "<p>+140法术攻击<br>+500最大法力<br>+1000最大生命</p>",
        "des2": "<p>唯一被动-英勇奖赏：升级后在3秒内回复20%生命值与法力值<br>唯一被动-守护： 获得额外的物理和法术防御，数值等于你的法术攻击*0.4，且最多不超过230点。</p>"
    },
    "1238": {
        "item_id": 1238,
        "item_name": "贤者之书",
        "item_type": 2,
        "price": 1794,
        "total_price": 2990,
        "des1": "<p>+400法术攻击<br>+10%冷却缩减</p>",
        "des2": "<p>唯一被动-刻印：每增加100点法强，提升0.8%的伤害(最多不超过12%)</p>"
    },
    "1240": {
        "item_id": 1240,
        "item_name": "噬神之书",
        "item_type": 2,
        "price": 1254,
        "total_price": 2090,
        "des1": "<p>+180法术攻击<br>+10%冷却缩减<br>+1000最大生命</p>",
        "des2": "<p>唯一被动-嗜血：增加25%法术吸血</p>"
    },
    "1311": {
        "item_id": 1311,
        "item_name": "红玛瑙",
        "item_type": 3,
        "price": 180,
        "total_price": 300,
        "des1": "<p>+300最大生命</p>"
    },
    "1312": {
        "item_id": 1312,
        "item_name": "布甲",
        "item_type": 3,
        "price": 132,
        "total_price": 220,
        "des1": "<p>+90物理防御</p>"
    },
    "1313": {
        "item_id": 1313,
        "item_name": "抗魔披风",
        "item_type": 3,
        "price": 132,
        "total_price": 220,
        "des1": "<p>+90法术防御</p>"
    },
    "1314": {
        "item_id": 1314,
        "item_name": "提神水晶",
        "item_type": 3,
        "price": 84,
        "total_price": 140,
        "des1": "<p>+30 每5秒回复</p>"
    },
    "1321": {
        "item_id": 1321,
        "item_name": "力量腰带",
        "item_type": 3,
        "price": 540,
        "total_price": 900,
        "des1": "<p>+1000最大生命</p>"
    },
    "1322": {
        "item_id": 1322,
        "item_name": "熔炼之心",
        "item_type": 3,
        "price": 480,
        "total_price": 800,
        "des1": "<p>+700最大生命</p>",
        "des2": "<p>唯一被动-业炎：每秒对身边300范围内的敌人造成1%最大生命的法术伤害，对小兵和野怪额外造成1%最大生命的法术伤害</p>"
    },
    "1323": {
        "item_id": 1323,
        "item_name": "神隐斗篷",
        "item_type": 3,
        "price": 612,
        "total_price": 1020,
        "des1": "<p>+120法术防御<br>+700最大生命<br>+50每5秒回血</p>"
    },
    "1324": {
        "item_id": 1324,
        "item_name": "雪山圆盾",
        "item_type": 3,
        "price": 540,
        "total_price": 900,
        "des1": "<p>+10%减CD<br>+400最大法力<br>+110物理防御</p>"
    },
    "1325": {
        "item_id": 1325,
        "item_name": "守护者之铠",
        "item_type": 3,
        "price": 438,
        "total_price": 730,
        "des1": "<p>+210物理防御</p>",
        "des2": "<p>唯一被动-寒铁：受到攻击会减少攻击者15%攻击速度，持续3秒</p>"
    },
    "1327": {
        "item_id": 1327,
        "item_name": "反伤刺甲",
        "item_type": 3,
        "price": 1170,
        "total_price": 1950,
        "des1": "<p>+30物理攻击<br>+360物理防御</p>",
        "des2": "<p>唯一被动-荆棘：受到物理伤害时，会将伤害量的25%以法术伤害的形式回敬给对方。自身每20点物理防御属性提升1%该伤害（最多+100%）。攻击者距离越远，这个伤害越低，最多在距离800时衰减至70%。<br>唯一被动-反刺：2秒内受到物理伤害超过2000点物理伤害时，造成(8%最大生命)点法术伤害。该效果的冷却时间：3秒。</p>"
    },
    "1328": {
        "item_id": 1328,
        "item_name": "血魔之怒",
        "item_type": 3,
        "price": 1260,
        "total_price": 2100,
        "des1": "<p>+40物理攻击<br>+1000最大生命</p>",
        "des2": "<p>唯一主动-血怒：逐渐扣除30%当前生命值，逐渐获得40%最大生命值的护盾，并增加80点物理攻击，持续4秒。<br>冷却时间：60秒<br>被动-狂怒：普攻额外造成(4%额外生命)物理伤害，当自己生命低于50%时，该伤害提升100%。</p>"
    },
    "1331": {
        "item_id": 1331,
        "item_name": "红莲斗篷",
        "item_type": 3,
        "price": 1200,
        "total_price": 2000,
        "des1": "<p>+240物理防御<br>+1000最大生命</p>",
        "des2": "<p>被动-业炎: 每3秒冲击300范围内敌人并造成灼烧效果，每秒造成28~56 (+3%额外生命)法术伤害（对兵线和野怪灼烧伤害翻倍）<br>被动-重伤：受到灼烧效果会降低敌方生命回复和吸血效果35%，持续3秒</p>"
    },
    "1332": {
        "item_id": 1332,
        "item_name": "霸者重装",
        "item_type": 3,
        "price": 1242,
        "total_price": 2070,
        "des1": "<p>+2000最大生命</p>",
        "des2": "<p>唯一被动-复苏：每2秒回复1%已损生命，脱战后改为每秒回复3%最大生命并增加30点移速</p>"
    },
    "1341": {
        "item_id": 1341,
        "item_name": "冰霜冲击",
        "item_type": 3,
        "price": 1260,
        "total_price": 2100,
        "des1": "<p>+240物理防御<br>+1000最大生命</p>",
        "des2": "<p>主动-冲击：对范围内目标造成60~200法术伤害，对500范围内敌人造成0.5秒晕眩，随后附带1秒50%减速。若目标移速或攻速受损，则晕眩时间分别延长0.25秒。<br>被动-冰甲：当自身受到除压制外的硬控后，获得(12%最大生命)护盾，持续5秒，该效果有15秒冷却时间。</p>"
    },
    "1333": {
        "item_id": 1333,
        "item_name": "不祥征兆",
        "item_type": 3,
        "price": 1308,
        "total_price": 2180,
        "des1": "<p>+270物理防御<br>+1200最大生命</p>",
        "des2": "<p>唯一被动-寒铁：受到攻击会减少攻击者40%攻击速度与10%移动速度，持续3秒</p>"
    },
    "1334": {
        "item_id": 1334,
        "item_name": "不死鸟之眼",
        "item_type": 3,
        "price": 1260,
        "total_price": 2100,
        "des1": "<p>+100每5秒回血<br>+240法术防御<br>+1200最大生命</p>",
        "des2": "<p>唯一被动-血统：每损失10%生命值，受到的所有治疗效果会额外增加6%。</p>"
    },
    "1335": {
        "item_id": 1335,
        "item_name": "魔女斗篷",
        "item_type": 3,
        "price": 1272,
        "total_price": 2080,
        "des1": "<p>+200法术防御<br>+1000最大生命<br>+100每5秒回血</p>",
        "des2": "<p>唯一被动-迷雾：脱战后立即获得一个吸收（100+英雄等级*100）点法术伤害的护盾<br>被动-御魔：获得8~120点法术防御</p>"
    },
    "1336": {
        "item_id": 1336,
        "item_name": "极寒风暴",
        "item_type": 3,
        "price": 1260,
        "total_price": 2100,
        "des1": "<p>+20%冷却缩减<br>+500最大法力<br>+360物理防御</p>",
        "des2": "<p>唯一被动-冰心：受到单次伤害超过当前生命值10%时，向敌人方向发射寒冰冲击，对范围内敌人造成100~240点法术伤害，降低范围内敌人15%攻速和30%移速，持续2秒，冷却2秒</p>"
    },
    "13310": {
        "item_id": 13310,
        "item_name": "冰痕之握",
        "item_type": 3,
        "price": 1260,
        "total_price": 2100,
        "des1": "<p>+500最大生命<br>+500最大法力<br>+10%冷却缩减<br>+240物理防御<br>+40物理攻击</p>",
        "des2": "<p>唯一被动-强击：使用技能后，5秒内的下一次普攻造成范围30%减速（远程英雄使用时减速效果衰减为10%）与（140+英雄等级*20）点物理伤害，这个效果有1.2秒的冷却时间</p>"
    },
    "1337": {
        "item_id": 1337,
        "item_name": "贤者的庇护",
        "item_type": 3,
        "price": 1260,
        "total_price": 2100,
        "des1": "<p>+140物理防御<br>+140法术防御</p>",
        "des2": "<p>唯一被动-复生：死亡后2秒原地复活，并获得（2000+英雄等级*100）点生命值，冷却时间：150秒。这个效果每局游戏只能触发2次</p>"
    },
    "1338": {
        "item_id": 1338,
        "item_name": "暴烈之甲",
        "item_type": 3,
        "price": 1230,
        "total_price": 2050,
        "des1": "<p>+220物理防御<br>+900最大生命<br>+5%移速<br>+30物理攻击</p>",
        "des2": "<p>唯一被动-无畏：每次受到伤害后，自身造成的所有伤害提升2%并增加2%的移速，这个效果最高可以叠加5层，最多提升10%的伤害输出和10%移速，持续3秒</p>"
    },
    "1411": {
        "item_id": 1411,
        "item_name": "神速之靴",
        "item_type": 4,
        "price": 150,
        "total_price": 250,
        "des1": "<p>唯一被动：+30移动速度</p>",
        "des2": "<p>所有鞋类装备的移速加成效果不叠加</p>"
    },
    "1421": {
        "item_id": 1421,
        "item_name": "影忍之足",
        "item_type": 4,
        "price": 426,
        "total_price": 710,
        "des1": "<p>+110物理防御</p>",
        "des2": "<p>唯一被动：+60移动速度（所有鞋类装备的移速加成效果不叠加）<br>唯一被动：减少15%受到普通攻击的伤害</p>"
    },
    "1422": {
        "item_id": 1422,
        "item_name": "抵抗之靴",
        "item_type": 4,
        "price": 426,
        "total_price": 710,
        "des1": "<p>+110法术防御</p>",
        "des2": "<p>唯一被动：+60移动速度（所有鞋类装备的移速加成效果不叠加）<br>唯一被动：+35%韧性</p>"
    },
    "1423": {
        "item_id": 1423,
        "item_name": "冷静之靴",
        "item_type": 4,
        "price": 426,
        "total_price": 710,
        "des1": "<p>+15%减CD</p>",
        "des2": "<p>唯一被动-静谧：所有英雄技能的冷却恢复速度加快3%~10%（随英雄等级成长）这个效果对剩余冷却时间小于5秒的技能不会生效。<br>唯一被动：+60移动速度（所有鞋类装备的移速加成效果不叠加）</p>"
    },
    "1424": {
        "item_id": 1424,
        "item_name": "秘法之靴",
        "item_type": 4,
        "price": 426,
        "total_price": 710,
        "des1": "<p>+25 每5秒回蓝</p>",
        "des2": "<p>唯一被动：+60移动速度（所有鞋类装备的移速加成效果不叠加）<br>唯一被动-法术精通：获得(45+英雄等级*5)点法术穿透</p>"
    },
    "1425": {
        "item_id": 1425,
        "item_name": "急速战靴",
        "item_type": 4,
        "price": 426,
        "total_price": 710,
        "des1": "<p>+25%攻速</p>",
        "des2": "<p>唯一被动：+60移动速度（所有鞋类装备的移速加成效果不叠加）</p>"
    },
    "1426": {
        "item_id": 1426,
        "item_name": "疾步之靴",
        "item_type": 4,
        "price": 318,
        "total_price": 530,
        "des1": "<p>唯一被动-神行：脱离战斗后增加60移动速度<br>唯一被动：+80移动速度（所有鞋类装备的移速加成效果不叠加）</p>"
    },
    "1511": {
        "item_id": 1511,
        "item_name": "狩猎宽刃",
        "item_type": 5,
        "price": 150,
        "total_price": 250,
        "des1": "<p>必须携带惩击才可够买，前十分钟对兵线伤害降低25%</p>",
        "des2": "<p>被动-狩猎：增加25%对野怪的伤害，受到野怪（远古生物除外）伤害降低25%，自己击杀或700范围内友方击杀野怪时，自己会额外获得20%经验<br>被动-游击：与队友分配小兵收益时，不参与分配，单独获得50%金币和经验（该效果在4分钟时移除，分配时若存在多个游击效果，只一人生效，游走装优先）</p>"
    },
    "1521": {
        "item_id": 1521,
        "item_name": "游击弯刀",
        "item_type": 5,
        "price": 450,
        "total_price": 750,
        "des1": "<p>必须携带惩击才可够买，获得灵息惩击效果，前十分钟对兵线伤害降低25%</p>",
        "des2": "<p>被动-狩猎：增加30%对野怪的伤害，受到野怪（远古生物除外）伤害降低25%，自己击杀或700范围内友方击杀野怪时，自己会额外获得30%经验和20%金币<br>唯一被动-奖赏：自己击杀或700范围内友方击杀野怪增加自身6点法术攻击，最多叠加20层<br>被动-回响：技能命中后，之后在地面留下2秒范围持续爆炸，共造成(200+10%法术攻击)法术伤害，该效果冷却时间为5秒<br>被动-游击：与队友分配小兵收益时，不参与分配，单独获得50%金币和经验（该效果在4分钟时移除，分配时若存在多个游击效果，只一人生效，游走装优先）</p>"
    },
    "1522": {
        "item_id": 1522,
        "item_name": "巡守利斧",
        "item_type": 5,
        "price": 450,
        "total_price": 750,
        "des1": "<p>必须携带惩击才可够买，获得狂焰惩击效果，前十分钟对兵线伤害降低25%</p>",
        "des2": "<p>唯一被动-燎火：技能或普攻对命中的敌方英雄造成每秒(20+1.5%额外生命)法术伤害，并减少其40点移速，持续3秒，该效果有10秒冷却时间。远程英雄使用时伤害和减速效果减半。被动-狩猎：击杀野怪额外获得30%经验和20%金币。普攻/技能命中后，野怪每0.5秒受到90~440点真实伤害，持续2秒，受到野怪（远古生物除外）伤害降低25%。<br>被动-游击：与队友分配小兵收益时，不参与分配，单独获得50%金币和经验（该效果在4分钟时移除，分配时若存在多个游击效果，只一人生效，游走装优先）<br>被动-奖赏：自己击杀或700范围内友方击杀野怪会增加自身10点最大生命，效果最多叠加20层，叠满后额外增加200点生命值</p>"
    },
    "1523": {
        "item_id": 1523,
        "item_name": "追击刀锋",
        "item_type": 5,
        "price": 450,
        "total_price": 750,
        "des1": "<p>必须携带惩击才可够买，获得灵息惩击效果，前十分钟对兵线伤害降低25%</p>",
        "des2": "<p>增加30%对野怪的伤害，受到野怪（远古生物除外）伤害降低25%，自己击杀或700范围内友方击杀野怪时，自己会额外获得30%经验和20%金币<br>唯一被动-奖赏：自己击杀或700范围内友方击杀野怪增加自身2点物理攻击和0.5%冷却缩减，最多叠加20层<br>被动-游击：与队友分配小兵收益时，不参与分配，单独获得50%金币和经验（该效果在4分钟时移除，分配时若存在多个游击效果，只一人生效，游走装优先）</p>"
    },
    "1531": {
        "item_id": 1531,
        "item_name": "符文大剑",
        "item_type": 5,
        "price": 1296,
        "total_price": 2160,
        "des1": "<p>+80法术攻击<br>+5%冷却缩减<br>+7%移速</p>",
        "des2": "<p>唯一被动-狩猎：增加30%对野怪的伤害，受到野怪（远古生物除外）伤害降低25%，自己击杀或700范围内友方击杀野怪时，自己会额外获得30%经验和20%金币<br>唯一被动-奖赏：自己击杀或700范围内友方击杀野怪增加自身6点法术攻击，最多叠加30层<br>被动-回响：技能命中后触发范围爆炸，造成(150+25%法术攻击)法术伤害，之后在地面留下2秒范围持续爆炸，共造成(200+10%法术攻击)法术伤害，该效果冷却时间为5秒</p>"
    },
    "1532": {
        "item_id": 1532,
        "item_name": "巨人之握",
        "item_type": 5,
        "price": 1176,
        "total_price": 1960,
        "des1": "<p>+500最大生命<br>前十分钟对兵线伤害降低25%，前4分钟不再无视敌方野区保护</p>",
        "des2": "<p>唯一被动-燎火：技能或普攻对命中的敌方英雄造成每秒( 100+5%额外生命)法术伤害并减少其40移速,持续3秒(远程英雄伤害和减速效果减半)<br>唯一被动-狩猎：击杀野怪额外获得30%经验和20%金币。普攻/技能命中后，野怪每0.5秒受到110-600点真实伤害，持续2秒，受到野怪(远古生物除外)伤害降低25%<br>唯一被动-奖赏：自己击杀或700范围内友方击杀野怪增加自身20点最大生命，每层叠20生命值，最多叠30层，叠满加600生命值。</p>"
    },
    "1533": {
        "item_id": 1533,
        "item_name": "贪婪之噬",
        "item_type": 5,
        "price": 1296,
        "total_price": 2160,
        "des1": "<p>+60物理攻击<br>+8%移速</p>",
        "des2": "<p>唯一被动-狩猎：增加30%对野怪的伤害（仅近战英雄生效），受到野怪（远古生物除外）伤害降低25%，自己击杀或700范围内友方击杀野怪时，自己会额外获得30%经验和20%金币<br>唯一被动-奖赏：自己击杀或700范围内友方击杀野怪增加自身2点物理攻击和0.5%冷却缩减，最多叠加30层<br>被动-锋利：增加30~100点物理穿透</p>"
    },
    "1727": {
        "item_id": 1727,
        "item_name": "日暮之流",
        "item_type": 2,
        "price": 1272,
        "total_price": 2040,
        "des1": "<p>+140法术攻击<br>+300最大生命<br>+10%冷却缩减</p>",
        "des2": "<p>被动-净魔：对英雄造成伤害会获得16~30点法术穿透，持续4秒，该效果可叠加10层。</p>"
    },
    "1728": {
        "item_id": 1728,
        "item_name": "金色圣剑",
        "item_type": 2,
        "price": 1242,
        "total_price": 2070,
        "des1": "<p>+160法术攻击<br>+20%攻击速度<br>+5%移动速度</p>",
        "des2": "<p>唯一被动-圣剑：普攻命中敌人会获得10%攻速，持续5秒，最多可叠加两层；叠满后，普攻会额外附带(0.3*法术攻击)点法术伤害，该伤害冷却时间：0.2秒。<br>唯一被动-精准：普通攻击伤害提升60点，远程英雄使用时该效果翻倍。</p>"
    },
    "1512": {
        "item_id": 1512,
        "item_name": "弃鳞短刃",
        "item_type": 5,
        "price": 150,
        "total_price": 250,
        "des1": "<p>必须携带惩击才可够买，前十分钟对兵线伤害降低25%</p>",
        "des2": "<p>唯一被动-狩猎：击杀野怪提升20%经验。普攻或技能命中野怪时附带灼烧，每0.5秒造成60~130点真实伤害，持续2秒，受到野怪（远古生物除外）伤害降低25%<br>唯一被动-游击：与队友分配小兵收益时，不参与分配，单独获得50%金币和经验（该效果在4分钟时移除，分配时若存在多个游击效果，只一人生效，游走装优先）</p>"
    },
    "1524": {
        "item_id": 1524,
        "item_name": "龙鳞利剑",
        "item_type": 5,
        "price": 450,
        "total_price": 750,
        "des1": "<p>+400最大生命<br>必须携带惩击才可够买，获得灵狂焰惩击效果</p>",
        "des2": "<p>被动-狩猎：击杀野怪提升30%经验，获得20%金币。普攻/技能命中后，野怪每0.5秒受到60~130点真实伤害（兵线受到40%的伤害），持续2秒，受到野怪（远古生物除外）伤害降低25%。<br>被动-奖赏：普攻/技能命中敌方英雄后，每0.5秒造成一次真实伤害，持续2秒。伤害量由奖赏层数决定，每30秒叠加1层，每层可提升1点真实伤害，效果最多叠加30层。<br>唯一被动-游击：与队友分配小兵收益时，不参与分配，单独获得50%金币和经验（该效果在4分钟时移除，分配时若存在多个游击效果，只一人生效，游走装优先）。</p>"
    },
    "1534": {
        "item_id": 1534,
        "item_name": "浴火之怒",
        "item_type": 5,
        "price": 1176,
        "total_price": 1960,
        "des1": "<p>+1100最大生命<br>8%移动速度<br>前四分钟对兵线伤害降低25%，不再无视野区保护</p>",
        "des2": "<p>被动-狩猎：击杀野怪提升30%经验，获得20%金币。普攻/技能命中后，野怪每0.5秒受到60~200点真实伤害（兵线受到40%的伤害，仅近战英雄生效），持续2秒，受到野怪（远古生物除外）伤害降低25%。<br>被动-奖赏：普攻/技能命中敌方英雄后，每0.5秒造成一次真实伤害，持续2秒。伤害量由奖赏层数决定，每30秒叠加1层，每层可提升3点真实伤害，效果最多叠加30层。</p>"
    },
    "1345": {
        "item_id": 1345,
        "item_name": "荆棘护手",
        "item_type": 3,
        "price": 426,
        "total_price": 710,
        "des1": "<p>+160物理防御<br>+30物理攻击</p>"
    },
    "1347": {
        "item_id": 1347,
        "item_name": "永夜守护",
        "item_type": 3,
        "price": 1266,
        "total_price": 2110,
        "des1": "<p>+360法术防御<br>+1000最大生命</p>",
        "des2": "<p>被动-守护：在3秒内受到超过30%最大生命的伤害时，会在接下来的3秒内累计回复320(+8%最大生命)点生命，冷却时间：7秒</p>"
    },
    "1346": {
        "item_id": 1346,
        "item_name": "暗夜小甲",
        "item_type": 3,
        "price": 426,
        "total_price": 710,
        "des1": "<p>+180法术防御</p>",
        "des2": "<p>唯一被动-守护：在3秒内受到超过40%最大生命的伤害时，会在接下来的3秒内累计回复60(+6%最大生命)点生命，冷却时间：7秒</p>"
    },
    "1349": {
        "item_id": 1349,
        "item_name": "原初遗珠",
        "item_type": 3,
        "price": 750,
        "total_price": 1250,
        "des1": "<p>+140物理防御<br>+140法术防御</p>",
        "des2": "<p>贤者的庇护虽已损坏，但其能量内核在原初之息的浸染下拥有了强化装备的效果(20分钟后开放购买)</p>"
    },
    "1350": {
        "item_id": 1350,
        "item_name": "怒魂",
        "item_type": 3,
        "price": 2010,
        "total_price": 3350,
        "des1": "<p>+40物理攻击<br>+1000最大生命</p>",
        "des2": "<p>主动-血怒：逐渐扣除30%当前生命，逐渐获得累计(50%最大生命)护盾，并增加80物理攻击，持续4秒。在此期间对周围敌人每秒造成(8%额外生命)法术伤害。<br>被动-狂怒：普攻额外造成(4%额外生命)物理伤害，当自己生命低于50%时，该伤害提升100%。"
    },
    "1351": {
        "item_id": 1351,
        "item_name": "凛冬",
        "item_type": 3,
        "price": 2010,
        "total_price": 3350,
        "des1": "<p>+240物理防御<br>+1000最大生命</p>",
        "des2": "<p>主动-冲击：对范围内目标造成60~200法术伤害，对600范围内敌人造成0.5秒冰冻，随后附带1秒90%减速。若目标移速或攻速受损，则冰冻时间分别延长0.5秒。<br>被动-冰甲：当自身受到除压制外的硬控后，获得(12%最大生命)护盾，持续5秒，该效果有15秒冷却时间。</p>"
    },
    "1156": {
        "item_id": 1156,
        "item_name": "日渊",
        "item_type": 1,
        "price": 1980,
        "total_price": 3300,
        "des1": "<p>+25%攻击速度<br>+10%暴击率<br>+5%移速</p>",
        "des2": "<p>被动-精准：普攻伤害提升40点，远程英雄使用时该效果翻倍<br>主动-逐日：开启后增加自己150点普攻射程和40%移速，期间普攻会向目标附近的1个目标造成30%额外伤害，持续5秒，冷却时间：60秒</p>"
    },
    "1157": {
        "item_id": 1157,
        "item_name": "天穹",
        "item_type": 1,
        "price": 2022,
        "total_price": 3370,
        "des1": "<p>+100物理攻击<br>+10%冷却缩减<br>+500最大生命</p>",
        "des2": "<p>主动-驱散：解除所有控制，自身获得40%减伤，增加30%移速并无视地形阻挡，持续3秒。如果期间击杀敌方英雄，则会刷新效果持续时间。冷却时间：90秒<br>被动-残废：技能对首个命中的敌方英雄造成30%减速，并使其对自己的伤害降低20%，持续3秒，该效果有8秒冷却时间</p>"
    },
    "1242": {
        "item_id": 1242,
        "item_name": "月神",
        "item_type": 2,
        "price": 1944,
        "total_price": 3240,
        "des1": "<p>+160法术攻击<br>+10%冷却缩减</p>",
        "des2": "<p>主动-月之守护：免疫所有效果，不能移动、攻击和使用技能，持续1.5秒，随后在2秒内增加60%持续衰减的移速，并累计回复(1000+100%法术攻击)生命。</p>"
    },
    "1224": {
        "item_id": 1224,
        "item_name": "魔道之石",
        "item_type": 2,
        "price": 534,
        "total_price": 890,
        "des1": "<p>+90法术攻击</p>",
        "des2": "<p>被动-法力波：技能命中后额外造成200点法术伤害，冷却时间5秒。</p>"
    },
    "1243": {
        "item_id": 1243,
        "item_name": "云灵木",
        "item_type": 2,
        "price": 582,
        "total_price": 970,
        "des1": "<p>+70法术攻击<br>+300最大生命</p>",
        "des2": "<p>被动-破法：增加60点法术穿透</p>"
    },
    "1115": {
        "item_id": 1115,
        "item_name": "迅捷长矛",
        "item_type": 1,
        "price": 180,
        "total_price": 300,
        "des1": "<p>+10物理攻击<br>+4%冷却缩减</p>"
    },
    "1244": {
        "item_id": 1244,
        "item_name": "破茧之衣",
        "item_type": 2,
        "price": 1296,
        "total_price": 2160,
        "des1": "<p>+120 法术攻击<br>+1000 最大生命</p>",
        "des2": "<p>被动-破茧：获得4%额外生命值的法术攻击，最多不超过100点<br>被动-净魔：获得7%额外生命值的法术穿透，最多不超过175点</p>"
    },
    "1158": {
        "item_id": 1158,
        "item_name": "血魂刃",
        "item_type": 1,
        "price": 498,
        "total_price": 830,
        "des1": "<p>+30物理攻击<br>+10%物理吸血</p>",
        "des2": "<p>被动-回魂：自身生命低于30%时，5秒内累计回复400~610点生命，该效果有20秒的冷却时间</p>"
    },
    "25252": {
        "item_id": 25252,
        "item_name": "强盾",
        "item_type": 3,
        "price": 300,
        "total_price": 500,
        "des1": "<p>+200物理防御</p>",
        "des2": "<p>被动-专精(鲁班大师)：【助手驰援】给队友提供的护盾量显著提升，但是冷却时间也会相应提升<br>失去专精装效果后,5分钟内不可再次购买</p>"
    },
    "25253": {
        "item_id": 25253,
        "item_name": "强力盾场",
        "item_type": 3,
        "price": 1200,
        "total_price": 2000,
        "des1": "<p>+240物理防御<br>+1000最大生命<br>+100每5秒回血</p>",
        "des2": "<p>被动-专精(鲁班大师)：【助手驰援】给队友提供的护盾量显著提升，但是冷却时间也会相应提升<br>被动-力量进阶：额外生命达到4000时，【助手驰援】提供的护盾量提升30%<br>失去专精装效果后,5分钟内不可再次购买</p>"
    },
    "21552": {
        "item_id": 21552,
        "item_name": "桂影",
        "item_type": 1,
        "price": 474,
        "total_price": 790,
        "des1": "<p>+15%攻击速度<br>+40法术攻击力</p>",
        "des2": "<p>被动-专精(艾琳)：艾琳普攻间隔缩短20%，普攻射程增加50点。【叶舞·致意】和【旋舞·轻语】不再额外叠加月桂印记<br>失去专精装效果后,5分钟内不可再次购买</p>"
    },
    "21553": {
        "item_id": 21553,
        "item_name": "桂影轻舞",
        "item_type": 1,
        "price": 1248,
        "total_price": 2080,
        "des1": "<p>+35%攻击速度<br>+110法术攻击力</p>",
        "des2": "<p>被动-专精(艾琳)：艾琳普攻间隔缩短20%，普攻射程增加50点。【叶舞·致意】和【旋舞·轻语】不再额外叠加月桂印记<br>被动-力量进阶：攻速达到80%时，艾琳获得20%暴击率<br>失去专精装效果后,5分钟内不可再次购买</p>"
    },
    "21342": {
        "item_id": 21342,
        "item_name": "重拳",
        "item_type": 1,
        "price": 270,
        "total_price": 450,
        "des2": "<p>被动-专精(达摩)：【真言·普渡】范围更大，击退更远，【真言·普渡】附带的斩杀伤害降低50%<br>失去专精装效果后,5分钟内不可再次购买</p>"
    },
    "21343": {
        "item_id": 21343,
        "item_name": "无相重拳",
        "item_type": 1,
        "price": 1242,
        "total_price": 2070,
        "des1": "<p>+80 物理攻击<br>+240 物理防御</p>",
        "des2": "<p>被动-专精(达摩)：【真言·普渡】范围更大，击退更远，【真言·普渡】附带的斩杀伤害降低50%<br>被动-力量进阶：当额外最大生命达到2500时，【真言·普渡】的撞墙晕眩时间延长1秒<br>失去专精装效果后，5分钟内不可再次购买</p>"
    },
    "21712": {
        "item_id": 21712,
        "item_name": "虎啸",
        "item_type": 3,
        "price": 342,
        "total_price": 570,
        "des1": "<p>+180 物理防御</p>",
        "des2": "<p>被动-专精(张飞)：【守护机关】和【崩裂践踏】可对敌人造成伤害和1秒50%减速，并减少目标35%伤害输出，持续2秒，【守护机关】的护盾不再对队友生效<br>失去专精装效果后，5分钟内不可再次购买</p>"
    },
    "21713": {
        "item_id": 21713,
        "item_name": "震军虎啸",
        "item_type": 3,
        "price": 1236,
        "total_price": 2060,
        "des1": "<p>+1000 最大生命<br>+240 物理防御<br>+100 每5秒回血</p>",
        "des2": "<p>被动-专精(张飞)：【守护机关】和【崩裂践踏】可对敌人造成伤害和1秒50%减速，并减少目标35%伤害输出，持续2秒，【守护机关】的护盾不再对队友生效<br>被动-力量进阶：当额外生命达到4000时，释放【守护机关】和【崩裂践踏】后还会对周围目标持续造成法术伤害，在张飞附近受到降低伤害输出效果，持续3秒。<br>失去专精装效果后，5分钟内不可再次购买</p>"
    },
    "1159": {
        "item_id": 1159,
        "item_name": "铸梦·逐风",
        "item_type": 1,
        "price": 1284,
        "total_price": 2140,
        "des1": "<p>+65 物理攻击<br>+25% 攻击速度</p>",
        "des2": "<p>被动-切割：普攻命中增加45~90穿透，持续3秒，最多叠加2层<br>被动-逐风：使用技能后，下3次普攻获得35%攻速，持续5秒，冷却3秒</p>"
    },
    "1160": {
        "item_id": 1160,
        "item_name": "铸梦·破空",
        "item_type": 1,
        "price": 1278,
        "total_price": 2130,
        "des1": "<p>+100 物理攻击<br>+10% 暴击率<br>+800 最大生命</p>",
        "des2": "<p>被动-碎甲：普攻和技能命中后会降低目标10%物理防御，持续2秒<br>主动-破空：强化下一次普攻，击退目标并额外造成(50%物理攻击)物理伤害，同时自身随之后退，该技能有30秒冷却时间</p>"
    },
    "21822": {
        "item_id": 21822,
        "item_name": "剑冢",
        "item_type": 2,
        "price": 330,
        "total_price": 550,
        "des1": "<p>+80 法术攻击</p>",
        "des2": "<p>被动-专精(干将莫邪)：【剑来】变化为模仿最近一次【雌雄双剑】的弹道释放飞剑</p>"
    },
    "21823": {
        "item_id": 21823,
        "item_name": "太古剑冢",
        "item_type": 2,
        "price": 1266,
        "total_price": 2110,
        "des1": "<p>+180 法术攻击<br>+500 最大法力<br>+800 最大生命</p>",
        "des2": "<p>被动-专精(干将莫邪)：【剑来】变化为模仿最近一次【雌雄双剑】的弹道释放飞剑<br>被动-力量进阶：当冷却缩减达到30%时，【雌雄双剑】的冷却时间额外缩短1秒<br>被动-英勇奖赏：英雄升级后会在3秒内回复20%最大生命与最大法力</p>"
    },
    "21492": {
        "item_id": 21492,
        "item_name": "赤霄",
        "item_type": 3,
        "price": 360,
        "total_price": 600,
        "des1": "<p>+500生命值</p>",
        "des2": "<p>被动-专精(刘邦)：【统御战场】吟唱时间大幅缩短且会刷新【双重恐吓】冷却时间，并在传送后3秒内将其置为蓄力满效果<br>被动-赤炎：每秒对300范围内的敌人造成1%最大生命值法术伤害，对小兵和野怪额外造成1%最大生命的法术伤害</p>"
    },
    "21493": {
        "item_id": 21493,
        "item_name": "斩蛇赤霄",
        "item_type": 3,
        "price": 1080,
        "total_price": 1800,
        "des1": "<p>+240物理防御<br>+1000最大生命</p>",
        "des2": "<p>被动-专精(刘邦)：【统御战场】吟唱时间大幅缩短且会刷新【双重恐吓】冷却时间，并在传送后3秒内将其置为蓄力满效果<br>【统御战场】不再为队友提供护盾和提高免伤率效果<br>被动-力量进阶：当冷却缩减达到25%时，【统御战场】的冷却时间额外缩短7秒<br>被动-赤炎：每秒对300范围内的敌人造成2%最大生命值法术伤害，对小兵和野怪额外造成2%最大生命的法术伤害</p>"
    },
    "21352": {
        "item_id": 21352,
        "item_name": "霸王戟",
        "item_type": 1,
        "price": 180,
        "total_price": 300,
        "des1": "<p>+10物理攻击力<br>+4%冷却</p>",
        "des2": "<p>被动-专精：二技能【破釜沉舟】，将变更为释放时使项羽获得爆发性加速，持续2秒，并强化下两次普攻范围，持续5秒。第一下横扫将回复150(+60/Lv)加10%(+2%/Lv)已损生命值，并造成70(+40/Lv)(+1.0ad)点物理伤害，第二下竖劈造成100(+80/Lv)(+1.6ad)物理伤害且必定暴击（基础150%暴击伤害）</p>"
    },
    "21353": {
        "item_id": 21353,
        "item_name": "破城霸王戟",
        "item_type": 1,
        "price": 1224,
        "total_price": 2040,
        "des1": "<p>+100物理攻击力<br>+10%冷却<br>+1200生命值</p>",
        "des2": "<p>被动-专精：二技能【破釜沉舟】，将变更为释放时使项羽获得爆发性加速，持续2秒，并强化下两次普攻范围，持续5秒。第一下横扫将回复150(+60/Lv)加10%(+2%/Lv)已损生命值，并造成70(+40/Lv)(+1.0ad)点物理伤害，第二下竖劈造成100(+80/Lv)(+1.6ad)物理伤害且必定暴击（基础150%暴击伤害）<br>被动-力量进阶：额外攻击力到达300时，第一下强化普攻横扫必定造成暴击（基础暴击伤害为150%）</p>"
    },
    "1353": {
        "item_id": 1353,
        "item_name": "旭日初光",
        "item_type": 3,
        "price": 1170,
        "total_price": 1950,
        "des1": "<p> +10%冷却缩减 +240物理防御  +150每5秒回血</p>",
        "des2": "<p>被动-初光：技能或者普攻命中敌方英雄，给自己和最近血量最低的友方英雄增加(250~530+4%最大生命值)的护盾，持续3秒，冷却10秒</p>"
    },
    "1348": {
        "item_id": 1348,
        "item_name": "沐光斗篷",
        "item_type": 3,
        "price": 570,
        "total_price": 950,
        "des1": "<p> +5%冷却缩减  +90物理防御  +60每5秒回血</p>",
        "des2": "<p>被动-初光：技能或者普攻命中敌方英雄，给自己和最近血量最低的友方英雄增加(120~260+2%最大生命值)的护盾，持续3秒，冷却10秒</p>"
    },
    "21912": {
        "item_id": 21912,
        "item_name": "明珠",
        "item_type": 2,
        "price": 180,
        "total_price": 300,
        "des1": "<p>+8%冷却缩减</p>",
        "des2": "<p>被动-专精(大乔)移除【绝断之桥】并返还已升级的技能点，同时不同程度地改变其它技能</p>"
    },
    "21913": {
        "item_id": 21913,
        "item_name": "沧海明珠",
        "item_type": 2,
        "price": 1200,
        "total_price": 2000,
        "des1": "<p>+200法术攻击<br>+10%冷却缩减<br>+500生命值</p>",
        "des2": "<p>被动-专精(大乔)移除【绝断之桥】并返还已升级的技能点，同时不同程度地改变其它技能</p>"
    },
    "1701": {
        "item_id": 1701,
        "item_name": "学识宝石",
        "item_type": 7,
        "price": 180,
        "total_price": 300,
        "des1": "<p>+5%移速</p>",
        "des2": "<p>被动-游击：每3秒获得5点金币和经验，不与队友分配野怪/小兵收益，单独获得25%-50%金币和经验（20分钟达到上限）</p>"
    },
    "1711": {
        "item_id": 1711,
        "item_name": "极影",
        "item_type": 7,
        "price": 540,
        "total_price": 900,
        "des1": "<p>+600生命值<br>+6%移速</p>",
        "des2": "<p>被动-迅捷光环：增加800范围友方8%攻速，8%冷却缩减和10每5秒回蓝<br>被动-奖赏：增加120-400最大生命值，增加12-40主攻属性（1主攻击属性=1物理攻击或2法术攻击）<br>被动-游击：每3秒获得5点金币和经验，不与队友分配野怪/小兵收益，单独获得25%-50%金币和经验（20分钟达到上限）</p>"
    },
    "1714": {
        "item_id": 1714,
        "item_name": "近卫",
        "item_type": 7,
        "price": 540,
        "total_price": 900,
        "des1": "<p>+600生命值<br>+6%移速</p>",
        "des2": "<p>被动-守护光环：增加800范围友方32-60物理防御和法术防御<br>被动-奖赏：增加120-400最大生命值，增加12-40主攻属性（1主攻击属性=1物理攻击或2法术攻击）<br>被动-游击：每3秒获得5点金币和经验，不与队友分配野怪/小兵收益，单独获得25%-50%金币和经验（20分钟达到上限）</p>"
    },
    "1721": {
        "item_id": 1721,
        "item_name": "极影·救赎",
        "item_type": 7,
        "price": 1140,
        "total_price": 1900,
        "des1": "<p>+1300生命值<br>+10%移速</p>",
        "des2": "<p>主动-救援：范围内友方英雄立即获得680~1800护盾，持续3秒（CD:60秒）游走装主动技能队伍共享冷却<br>被动-迅捷光环：增加800范围友方15%攻速，15%冷却缩减和20每5秒回蓝<br>被动-奖赏：增加180-600最大生命值，增加18-60主攻属性（1主攻击属性=1物理攻击或2法术攻击）<br>被动-游击：每3秒获得6点金币和经验，不与队友分配野怪/小兵收益，单独获得25%-50%金币和经验（20分钟达到上限）</p>"
    },
    "1747": {
        "item_id": 1747,
        "item_name": "极影·星泉",
        "item_type": 7,
        "price": 1140,
        "total_price": 1900,
        "des1": "<p>+1300生命值<br>+10%移速</p>",
        "des2": "<p>主动-星芒：与范围内的一名友方英雄（默认为血量最低）建立链接，5秒内回复双方（500~1060+20%最大生命值）生命与25%最大法力，链接超过一定范围断开，攻击或者受到敌方英雄攻击后回复效果只生效20%。每50秒储备一次[星芒]，最多可储备2次。（CD:5秒）游走装主动技能队伍共享冷却<br>被动-迅捷光环：增加800范围友方15%攻速，15%冷却缩减和20每5秒回蓝<br>被动-奖赏：增加180-600最大生命值，增加18-60主攻属性（1主攻击属性=1物理攻击或2法术攻击）<br>被动-游击：每3秒获得6点金币和经验，不与队友分配野怪/小兵收益，单独获得25%-50%金币和经验（20分钟达到上限）</p>"
    },
    "1723": {
        "item_id": 1723,
        "item_name": "极影·奔狼",
        "item_type": 7,
        "price": 1140,
        "total_price": 1900,
        "des1": "<p>+1300生命值<br>+10%移速</p>",
        "des2": "<p>主动-奔腾号令：给自己和周围友军增加移速，3秒内会递增50%~260%移速，一共持续5秒，途经未加速的友军英雄时会将当前状态同步给友军，攻击或受到敌方英雄攻击时消失（CD:100秒）游走装主动技能队伍共享冷却<br>被动-迅捷光环：增加800范围友方15%攻速，15%冷却缩减和20每5秒回蓝<br>被动-奖赏：增加180-600最大生命值，增加18-60主攻属性（1主攻击属性=1物理攻击或2法术攻击）<br>被动-游击：每3秒获得6点金币和经验，不与队友分配野怪/小兵收益，单独获得25%-50%金币和经验（20分钟达到上限）</p>"
    },
    "1737": {
        "item_id": 1737,
        "item_name": "极影·形昭",
        "item_type": 7,
        "price": 1140,
        "total_price": 1900,
        "des1": "<p>+1300生命值<br>+10%移速</p>",
        "des2": "<p>主动-见影：对1200范围内的敌方英雄2秒内造成4次伤害，每次造成当前生命6%的法术伤害并附带50%减速。该技能可暴露英雄在草从中的视野（CD:60秒，没有命中目标会返还70%）游走装主动技能队伍共享冷却<br>被动-迅捷光环：增加800范围友方15%攻速，15%冷却缩减和20每5秒回蓝<br>被动-奖赏：增加180-600最大生命值，增加18-60主攻属性（1主攻击属性=1物理攻击或2法术攻击）<br>被动-游击：每3秒获得6点金币和经验，不与队友分配野怪/小兵收益，单独获得25%-50%金币和经验（20分钟达到上限）</p>"
    },
    "1724": {
        "item_id": 1724,
        "item_name": "近卫·救赎",
        "item_type": 7,
        "price": 1140,
        "total_price": 1900,
        "des1": "<p>+1300生命值<br>+10%移速</p>",
        "des2": "<p>主动-救援：范围内友方英雄立即获得680~1800护盾，持续3秒（CD:60秒）游走装主动技能队伍共享冷却<br>被动-守护光环：增加800范围友方50-120物理防御和法术防御<br>被动-奖赏：增加180-600最大生命值，增加18-60主攻属性（1主攻击属性=1物理攻击或2法术攻击）<br>被动-游击：每3秒获得6点金币和经验，不与队友分配野怪/小兵收益，单独获得25%-50%金币和经验（20分钟达到上限）</p>"
    },
    "1725": {
        "item_id": 1725,
        "item_name": "近卫·星泉",
        "item_type": 7,
        "price": 1140,
        "total_price": 1900,
        "des1": "<p>+1300生命值<br>+10%移速</p>",
        "des2": "<p>主动-星芒：与范围内的一名友方英雄（默认为血量最低）建立链接，5秒内回复双方（500~1060+20%最大生命值）生命与25%最大法力，链接超过一定范围断开，攻击或者受到敌方英雄攻击后回复效果只生效20%。每50秒储备一次[星芒]，最多可储备2次。（CD:5秒）游走装主动技能队伍共享冷却<br>被动-守护光环：增加800范围友方50-120物理防御和法术防御<br>被动-奖赏：增加180-600最大生命值，增加18-60主攻属性（1主攻击属性=1物理攻击或2法术攻击）<br>被动-游击：每3秒获得6点金币和经验，不与队友分配野怪/小兵收益，单独获得25%-50%金币和经验（20分钟达到上限）</p>"
    },
    "1753": {
        "item_id": 1753,
        "item_name": "近卫·奔狼",
        "item_type": 7,
        "price": 1140,
        "total_price": 1900,
        "des1": "<p>+1300生命值<br>+10%移速</p>",
        "des2": "<p>主动-奔腾号令：给自己和周围友军增加移速，3秒内会递增50%~260%移速，一共持续5秒，途经未加速的友军英雄时会将当前状态同步给友军，攻击或受到敌方英雄攻击时消失（CD:100秒）游走装主动技能队伍共享冷却<br>被动-守护光环：增加800范围友方50-120物理防御和法术防御<br>被动-奖赏：增加180-600最大生命值，增加18-60主攻属性（1主攻击属性=1物理攻击或2法术攻击）<br>被动-游击：每3秒获得6点金币和经验，不与队友分配野怪/小兵收益，单独获得25%-50%金币和经验（20分钟达到上限）</p>"
    },
    "1754": {
        "item_id": 1754,
        "item_name": "近卫·形昭",
        "item_type": 7,
        "price": 1140,
        "total_price": 1900,
        "des1": "<p>+1300生命值<br>+10%移速</p>",
        "des2": "<p>主动-见影：对1200范围内的敌方英雄2秒内造成4次伤害，每次造成当前生命6%的法术伤害并附带50%减速。该技能可暴露英雄在草从中的视野（CD:60秒，没有命中目标会返还70%）游走装主动技能队伍共享冷却<br>被动-守护光环：增加800范围友方50-120物理防御和法术防御<br>被动-奖赏：增加180-600最大生命值，增加18-60主攻属性（1主攻击属性=1物理攻击或2法术攻击）<br>被动-游击：每3秒获得6点金币和经验，不与队友分配野怪/小兵收益，单独获得25%-50%金币和经验（20分钟达到上限）</p>"
    }
}